<?xml version="1.0" encoding="UTF-8"?>
<beans xmlns="http://www.springframework.org/schema/beans"
	xmlns:xsi="http://www.w3.org/2001/XMLSchema-instance"
	xsi:schemaLocation="
        http://www.springframework.org/schema/beans 
        http://www.springframework.org/schema/beans/spring-beans.xsd">
        
	<bean class="com.jspiders.springcore.beans.StudentBean"
		name="student1">
		<property name="id">
			<value>1</value>
		</property>
		<property name="name">
			<value>Abhishek</value>
		</property>
		<property name="email">
			<value>abhishek@gmail.com</value>
		</property>
	</bean>
</beans>